{
  "success": true,
  "data": [
    {
      "table": "clients",
      "exists": true,
      "count": 383,
      "columns": [
        "id",
        "primary_email",
        "primary_phone",
        "first_name",
        "last_name",
        "dob",
        "status",
        "merged_into_client_id",
        "confidence_score",
        "created_at",
        "updated_at"
      ]
    },
    {
      "table": "client_external_ids",
      "exists": true,
      "count": null,
      "columns": []
    },
    {
      "table": "client_events",
      "exists": true,
      "count": null,
      "columns": []
    },
    {
      "table": "client_addresses",
      "exists": true,
      "count": null,
      "columns": []
    },
    {
      "table": "loan_applications",
      "exists": true,
      "count": 13,
      "columns": [
        "id",
        "reference",
        "origin",
        "status",
        "prenom",
        "nom",
        "courriel",
        "telephone",
        "date_naissance",
        "adresse_rue",
        "adresse_ville",
        "adresse_province",
        "adresse_code_postal",
        "duree_residence_mois",
        "type_logement",
        "montant_demande",
        "raison_pret",
        "duree_pret_mois",
        "statut_emploi",
        "employeur",
        "poste",
        "revenu_annuel",
        "anciennete_emploi_mois",
        "frequence_paie",
        "prochaine_paie",
        "institution_financiere",
        "transit",
        "numero_compte",
        "type_compte",
        "autres_revenus",
        "source_autres_revenus",
        "paiement_loyer_hypotheque",
        "autres_prets",
        "cartes_credit",
        "autres_dettes",
        "coemprunteur_prenom",
        "coemprunteur_nom",
        "coemprunteur_telephone",
        "coemprunteur_revenu",
        "reference_1_nom",
        "reference_1_telephone",
        "reference_1_relation",
        "reference_2_nom",
        "reference_2_telephone",
        "reference_2_relation",
        "cortex_score",
        "cortex_rules_applied",
        "risk_level",
        "margill_response",
        "margill_submitted_at",
        "margill_error",
        "form_started_at",
        "form_completed_at",
        "submitted_at",
        "last_step_completed",
        "ab_test_variant",
        "ip_address",
        "user_agent",
        "utm_source",
        "utm_medium",
        "utm_campaign",
        "created_at",
        "updated_at",
        "client_id"
      ]
    },
    {
      "table": "client_analyses",
      "exists": true,
      "count": 458,
      "columns": [
        "id",
        "created_at",
        "updated_at",
        "client_name",
        "client_email",
        "client_address",
        "inverite_guid",
        "source",
        "analysis_date",
        "raw_data",
        "total_accounts",
        "total_balance",
        "total_transactions",
        "avg_account_balance",
        "max_account_balance",
        "min_account_balance",
        "total_deposits_30d",
        "total_withdrawals_30d",
        "net_cashflow_30d",
        "avg_transaction_amount",
        "risk_score",
        "risk_level",
        "status",
        "reviewed_by",
        "reviewed_at",
        "notes",
        "assigned_to",
        "assigned_at",
        "deleted_at",
        "client_id",
        "inverite_risk_score",
        "microloans_data",
        "analyzed_at"
      ]
    },
    {
      "table": "analysis_jobs",
      "exists": true,
      "count": 78,
      "columns": [
        "id",
        "analysis_id",
        "status",
        "priority",
        "error",
        "created_at",
        "started_at",
        "completed_at"
      ]
    },
    {
      "table": "analysis_scores",
      "exists": true,
      "count": 65,
      "columns": [
        "id",
        "analysis_id",
        "sar_score",
        "sar_score_normalized",
        "monthly_income",
        "monthly_expenses",
        "dti_ratio",
        "nsf_count",
        "overdraft_count",
        "bankruptcy_detected",
        "microloans_detected",
        "account_health",
        "confidence",
        "created_at"
      ]
    },
    {
      "table": "analysis_recommendations",
      "exists": true,
      "count": 65,
      "columns": [
        "id",
        "analysis_id",
        "recommendation",
        "max_loan_amount",
        "reasoning",
        "confidence",
        "red_flags",
        "created_at"
      ]
    },
    {
      "table": "webhook_logs",
      "exists": true,
      "count": 979,
      "columns": [
        "id",
        "provider",
        "event_type",
        "status",
        "payload",
        "response",
        "headers",
        "error_message",
        "error_stack",
        "retry_count",
        "processing_time_ms",
        "external_id",
        "client_id",
        "loan_id",
        "signature",
        "is_validated",
        "validation_method",
        "environment",
        "received_at",
        "processed_at",
        "created_at",
        "updated_at"
      ]
    },
    {
      "table": "email_messages",
      "exists": true,
      "count": null,
      "columns": []
    },
    {
      "table": "download_logs",
      "exists": true,
      "count": 1,
      "columns": [
        "id",
        "file_name",
        "file_type",
        "file_version",
        "user_email",
        "user_id",
        "ip_address",
        "user_agent",
        "device_type",
        "browser",
        "os",
        "downloaded_at",
        "download_success",
        "referrer"
      ]
    },
    {
      "table": "quickbooks_invoices",
      "exists": true,
      "count": 0,
      "columns": []
    },
    {
      "table": "quickbooks_customers",
      "exists": true,
      "count": 0,
      "columns": []
    },
    {
      "table": "telemetry_requests",
      "exists": true,
      "count": 24602,
      "columns": [
        "id",
        "created_at",
        "trace_id",
        "parent_trace_id",
        "method",
        "path",
        "status",
        "duration_ms",
        "source",
        "env",
        "ip_hash",
        "ua_hash",
        "region",
        "user_id",
        "role",
        "error_code",
        "error_message_redacted",
        "bytes_in",
        "bytes_out",
        "db_call_count",
        "db_total_ms",
        "vercel_id",
        "vercel_region",
        "meta_redacted"
      ]
    },
    {
      "table": "telemetry_spans",
      "exists": true,
      "count": 0,
      "columns": []
    },
    {
      "table": "seo_ga4_metrics_daily",
      "exists": true,
      "count": 30,
      "columns": [
        "id",
        "measurement_id",
        "property_id",
        "date",
        "users",
        "new_users",
        "sessions",
        "engaged_sessions",
        "engagement_rate",
        "bounce_rate",
        "average_session_duration",
        "pages_per_session",
        "conversions",
        "conversion_rate",
        "organic_traffic",
        "direct_traffic",
        "referral_traffic",
        "social_traffic",
        "paid_traffic",
        "email_traffic",
        "desktop_users",
        "mobile_users",
        "tablet_users",
        "top_pages",
        "top_sources",
        "total_events",
        "top_events",
        "transactions",
        "revenue_cents",
        "average_order_value_cents",
        "raw_data",
        "collected_at",
        "created_at",
        "updated_at"
      ]
    },
    {
      "table": "seo_gsc_metrics_daily",
      "exists": true,
      "count": 0,
      "columns": []
    },
    {
      "table": "seo_semrush_metrics_daily",
      "exists": true,
      "count": null,
      "columns": []
    }
  ],
  "timestamp": "2026-01-24T22:20:44.984Z"
}