{
  "tables": [
    "analysis_jobs",
    "analysis_recommendations",
    "analysis_scores",
    "application_events",
    "applications",
    "classification_taxonomy",
    "client_events",
    "client_notes",
    "clients_sar",
    "cortex_execution_logs",
    "cortex_rules",
    "download_logs",
    "email_accounts",
    "email_classifications",
    "email_messages",
    "email_metrics_daily",
    "event_actions",
    "loan_applications",
    "loan_objectives",
    "magic_links",
    "public",
    "quickbooks_accounts",
    "quickbooks_customers",
    "quickbooks_invoices",
    "quickbooks_payments",
    "quickbooks_sync_logs",
    "quickbooks_tokens",
    "quickbooks_vendors",
    "quickbooks_webhooks",
    "security_logs",
    "seo_audit_log",
    "seo_collection_jobs",
    "seo_ga4_metrics_daily",
    "seo_gsc_metrics_daily",
    "seo_keywords_tracking",
    "seo_semrush_domain_daily",
    "telemetry_alerts",
    "telemetry_requests",
    "telemetry_security",
    "telemetry_spans",
    "webhook_logs"
  ],
  "views": [
    "for"
  ],
  "materialized_views": [
    "mv_client_timeline_summary",
    "mv_dashboard_stats"
  ],
  "functions": [
    "calculate_fraud_score",
    "calculate_keyword_position_change",
    "cleanup_old_performance_logs",
    "cleanup_old_security_logs",
    "cleanup_telemetry_data",
    "generate_loan_reference",
    "get_active_rules",
    "get_download_stats",
    "get_important_decisions",
    "get_latest_job",
    "get_message_emails_and_notes",
    "get_messages_with_details",
    "get_trace_timeline",
    "has_analysis_scores",
    "log_rule_violation",
    "process_vopay_webhook",
    "public",
    "refresh_client_timeline_summary",
    "refresh_dashboard_stats",
    "search_claude_history",
    "search_clients_sar",
    "update_claude_knowledge_search",
    "update_claude_messages_search",
    "update_fraud_score",
    "update_quickbooks_updated_at",
    "update_seo_updated_at_column",
    "update_updated_at_column",
    "update_webhook_logs_updated_at"
  ],
  "indexes": [
    "CONCURRENTLY",
    "audit_log_changed_at_idx",
    "audit_log_operation_idx",
    "audit_log_record_id_idx",
    "audit_log_table_name_idx",
    "claude_conversation_log_branch_idx",
    "claude_conversation_log_date_idx",
    "claude_conversation_log_phase_idx",
    "claude_decisions_impact_idx",
    "claude_decisions_project_idx",
    "claude_decisions_session_idx",
    "claude_files_touched_action_idx",
    "claude_files_touched_file_idx",
    "claude_files_touched_session_idx",
    "claude_knowledge_category_idx",
    "claude_knowledge_project_idx",
    "claude_knowledge_search_idx",
    "claude_knowledge_tags_idx",
    "claude_messages_author_idx",
    "claude_messages_project_idx",
    "claude_messages_search_idx",
    "claude_messages_session_idx",
    "claude_messages_tags_idx",
    "claude_messages_timestamp_idx",
    "claude_projects_slug_idx",
    "claude_projects_status_idx",
    "claude_rule_violations_resolved_idx",
    "claude_rule_violations_rule_idx",
    "claude_rule_violations_session_idx",
    "claude_rules_category_idx",
    "claude_rules_enabled_idx",
    "claude_rules_priority_idx",
    "client_accounts_client_id_idx",
    "client_analyses_client_id_idx",
    "client_identity_aliases_client_id_idx",
    "client_identity_aliases_type_idx",
    "client_identity_aliases_value_idx",
    "clients_confidence_idx",
    "clients_primary_email_uniq",
    "clients_primary_phone_idx",
    "clients_status_idx",
    "comm_attach_comm_id_idx",
    "comm_client_ts_idx",
    "communications_body_text_idx",
    "communications_client_id_idx",
    "communications_client_occurred_idx",
    "communications_occurred_at_idx",
    "communications_provider_msg_uniq",
    "communications_thread_key_idx",
    "contact_messages_client_id_idx",
    "ct_account_ts_idx",
    "fraud_app_ts_idx",
    "idx_analysis_jobs_analysis_id",
    "idx_analysis_jobs_created_at",
    "idx_analysis_jobs_priority_status",
    "idx_analysis_jobs_status",
    "idx_analysis_recommendations_analysis_id",
    "idx_analysis_recommendations_created_at",
    "idx_analysis_recommendations_recommendation",
    "idx_analysis_scores_analysis_id",
    "idx_analysis_scores_created_at",
    "idx_analysis_scores_sar_score",
    "idx_application_events_application_id",
    "idx_application_events_created_at",
    "idx_applications_created_at",
    "idx_applications_status",
    "idx_audit_detected",
    "idx_audit_status",
    "idx_client_events_created_at",
    "idx_client_events_email_date",
    "idx_client_events_source",
    "idx_client_events_type",
    "idx_client_notes_application_id",
    "idx_client_notes_visible",
    "idx_clients_sar_banque",
    "idx_clients_sar_dates",
    "idx_clients_sar_dossier_id",
    "idx_clients_sar_dossier_id_trgm",
    "idx_clients_sar_email",
    "idx_clients_sar_etat_dossier",
    "idx_clients_sar_etat_score",
    "idx_clients_sar_fraude_flags",
    "idx_clients_sar_identifiant_unique_1",
    "idx_clients_sar_identifiant_unique_2",
    "idx_clients_sar_location",
    "idx_clients_sar_margill_id",
    "idx_clients_sar_nas",
    "idx_clients_sar_nom_complet",
    "idx_clients_sar_score_fraude",
    "idx_clients_sar_telephone",
    "idx_clients_sar_telephone_mobile",
    "idx_download_logs_downloaded_at",
    "idx_download_logs_file_name",
    "idx_download_logs_file_type",
    "idx_download_logs_user_email",
    "idx_email_accounts_active",
    "idx_email_accounts_email",
    "idx_email_accounts_provider",
    "idx_email_class_category",
    "idx_email_class_current",
    "idx_email_class_message",
    "idx_email_class_priority",
    "idx_email_messages_account",
    "idx_email_messages_from",
    "idx_email_messages_processed",
    "idx_email_messages_provider_id",
    "idx_email_messages_received",
    "idx_email_metrics_date",
    "idx_event_actions_event",
    "idx_event_actions_status",
    "idx_event_actions_type",
    "idx_ga4_date",
    "idx_ga4_date_measurement",
    "idx_gsc_date",
    "idx_gsc_date_site",
    "idx_jobs_created",
    "idx_jobs_scheduled",
    "idx_jobs_status",
    "idx_keywords_active",
    "idx_keywords_priority",
    "idx_magic_links_application_id",
    "idx_magic_links_expires_at",
    "idx_magic_links_token_hash",
    "idx_quickbooks_accounts_active",
    "idx_quickbooks_accounts_qb_id",
    "idx_quickbooks_accounts_type",
    "idx_quickbooks_customers_client_id",
    "idx_quickbooks_customers_email",
    "idx_quickbooks_customers_qb_id",
    "idx_quickbooks_invoices_balance",
    "idx_quickbooks_invoices_customer_qb_id",
    "idx_quickbooks_invoices_qb_id",
    "idx_quickbooks_invoices_status",
    "idx_quickbooks_invoices_txn_date",
    "idx_quickbooks_payments_customer_qb_id",
    "idx_quickbooks_payments_qb_id",
    "idx_quickbooks_payments_txn_date",
    "idx_quickbooks_sync_logs_started_at",
    "idx_quickbooks_sync_logs_status",
    "idx_quickbooks_sync_logs_sync_type",
    "idx_quickbooks_tokens_expires_at",
    "idx_quickbooks_tokens_realm_id",
    "idx_quickbooks_vendors_email",
    "idx_quickbooks_vendors_qb_id",
    "idx_quickbooks_webhooks_entity",
    "idx_quickbooks_webhooks_processed",
    "idx_quickbooks_webhooks_realm_id",
    "idx_quickbooks_webhooks_received_at",
    "idx_security_logs_event_type",
    "idx_security_logs_ip",
    "idx_security_logs_path",
    "idx_security_logs_timestamp",
    "idx_security_logs_type_time",
    "idx_security_logs_user",
    "idx_semrush_date",
    "idx_semrush_date_domain",
    "idx_taxonomy_category",
    "idx_taxonomy_version",
    "idx_telemetry_alerts_alert_key",
    "idx_telemetry_alerts_last_seen",
    "idx_telemetry_alerts_open",
    "idx_telemetry_alerts_severity",
    "idx_telemetry_alerts_state",
    "idx_telemetry_alerts_unique_open",
    "idx_telemetry_requests_created_at",
    "idx_telemetry_requests_duration",
    "idx_telemetry_requests_env",
    "idx_telemetry_requests_env_created_status",
    "idx_telemetry_requests_error",
    "idx_telemetry_requests_path",
    "idx_telemetry_requests_source",
    "idx_telemetry_requests_status",
    "idx_telemetry_requests_trace_id",
    "idx_telemetry_security_check_name",
    "idx_telemetry_security_created_at",
    "idx_telemetry_security_failures",
    "idx_telemetry_security_result",
    "idx_telemetry_security_severity",
    "idx_telemetry_security_trace_id",
    "idx_telemetry_spans_created_at",
    "idx_telemetry_spans_duration",
    "idx_telemetry_spans_span_type",
    "idx_telemetry_spans_status",
    "idx_telemetry_spans_target",
    "idx_telemetry_spans_trace_id",
    "idx_telemetry_spans_type_duration",
    "idx_webhook_logs_client_id",
    "idx_webhook_logs_created_at",
    "idx_webhook_logs_environment",
    "idx_webhook_logs_event_type",
    "idx_webhook_logs_external_id",
    "idx_webhook_logs_provider",
    "idx_webhook_logs_provider_received",
    "idx_webhook_logs_provider_status",
    "idx_webhook_logs_received_at",
    "idx_webhook_logs_status",
    "installments_due_date_idx",
    "loan_applications_client_id_idx",
    "loans_account_id_idx",
    "loans_active_idx",
    "loans_client_id_idx",
    "mv_client_timeline_summary_client_idx",
    "mv_dashboard_stats_idx",
    "payment_events_created_at_idx",
    "payment_events_loan_id_idx",
    "payment_events_type_loan_idx",
    "perf_logs_duration_idx",
    "perf_logs_phase_idx",
    "perf_logs_route_idx",
    "perf_logs_timestamp_idx",
    "support_tickets_client_id_idx",
    "vopay_objects_client_id_idx",
    "vopay_objects_client_occurred_idx",
    "vopay_objects_loan_occurred_idx",
    "vopay_objects_occurred_at_idx",
    "vopay_objects_payload_gin_idx",
    "vopay_objects_status_idx"
  ],
  "migrations_count": 61,
  "migrations_files": [
    "./database/migrations/restructure/000_001_COMBINED_memory_system.sql",
    "./database/migrations/restructure/000_baseline_snapshot.sql",
    "./database/migrations/restructure/000_create_conversation_log.sql",
    "./database/migrations/restructure/000_insert_session_2026_01_14.sql",
    "./database/migrations/restructure/001_create_memory_system.sql",
    "./database/migrations/restructure/002_create_claude_rules_system.sql",
    "./database/migrations/restructure/010_011_combined.sql",
    "./database/migrations/restructure/010_011_safe.sql",
    "./database/migrations/restructure/010_011_VERIFIED.sql",
    "./database/migrations/restructure/010_create_clients_enhanced.sql",
    "./database/migrations/restructure/010_create_clients.sql",
    "./database/migrations/restructure/011_add_client_id_columns.sql",
    "./database/migrations/restructure/012_backfill_clients.sql",
    "./database/migrations/restructure/013_add_performance_indexes.sql",
    "./database/migrations/restructure/020_create_communications.sql",
    "./database/migrations/restructure/021_migrate_emails_envoyes_to_communications_FIXED.sql",
    "./database/migrations/restructure/021_migrate_emails_envoyes_to_communications.sql",
    "./database/migrations/restructure/022_view_support_as_communications_FIXED.sql",
    "./database/migrations/restructure/022_view_support_as_communications.sql",
    "./database/migrations/restructure/030_create_loans_and_payments.sql",
    "./database/migrations/restructure/031_backfill_loans_FIXED.sql",
    "./database/migrations/restructure/031_backfill_loans_from_client_accounts.sql",
    "./database/migrations/restructure/040_create_vopay_objects.sql",
    "./database/migrations/restructure/041_backfill_vopay_objects.sql",
    "./database/migrations/restructure/042_link_vopay_to_clients_loans.sql",
    "./database/migrations/restructure/050_create_timeline_views_ENHANCED.sql",
    "./database/migrations/restructure/050_create_timeline_views.sql",
    "./database/migrations/restructure/060_enable_rls.sql",
    "./database/migrations/restructure/061_create_audit_system.sql",
    "./database/migrations/restructure/062_performance_monitoring.sql",
    "./database/migrations/restructure/create_performance_logs_with_rls.sql",
    "./database/migrations/restructure/create_performance_logs.sql",
    "./database/migrations/restructure/PHASE1_VALIDATION_SUPABASE.sql",
    "./database/migrations/restructure/PHASE1_VALIDATION.sql",
    "./database/migrations/restructure/PHASE2_VALIDATION.sql",
    "./database/migrations/restructure/PHASE3_VALIDATION.sql",
    "./migrations/001_create_clients_fraud_detection.sql",
    "./migrations/002_add_missing_columns.sql",
    "./migrations/002_optimize_search_indexes.sql",
    "./progression/supabase/migrations/001_initial_schema.sql",
    "./supabase/migrations/20260113000000_titan_init.sql",
    "./supabase/migrations/20260114_security_logs.sql",
    "./supabase/migrations/20260117151900_mailops_001_create_client_events.sql",
    "./supabase/migrations/20260117151901_mailops_002_create_email_accounts.sql",
    "./supabase/migrations/20260117151902_mailops_003_create_email_messages.sql",
    "./supabase/migrations/20260117151903_mailops_004_create_classification_taxonomy.sql",
    "./supabase/migrations/20260117151904_mailops_005_create_email_classifications.sql",
    "./supabase/migrations/20260117151905_mailops_006_create_event_actions.sql",
    "./supabase/migrations/20260117151906_mailops_007_create_email_metrics_daily.sql",
    "./supabase/migrations/20260117151909_mailops_010_create_rls_policies.sql",
    "./supabase/migrations/20260118000000_performance_indexes.sql",
    "./supabase/migrations/20260118000001_rpc_functions.sql",
    "./supabase/migrations/20260118000002_materialized_views.sql",
    "./supabase/migrations/20260120000000_quickbooks_integration.sql",
    "./supabase/migrations/20260120000001_fix_quickbooks_tokens_unique.sql",
    "./supabase/migrations/20260121000000_seo_metrics_system.sql",
    "./supabase/migrations/20260122_telemetry_tables.sql",
    "./supabase/migrations/20260122000000_unified_webhook_logs.sql",
    "./supabase/migrations/20260122000001_add_analysis_tables.sql",
    "./supabase/migrations/20260122000002_add_download_tracking.sql",
    "./supabase/migrations/20260123000000_update_vopay_webhook_rpc.sql"
  ]
}